{
    "$schema": "https://schema.management.azure.com/schemas/0.1.2-preview/CreateUIDefinition.MultiVm.json#",
    "handler": "Microsoft.Azure.CreateUIDef",
    "version": "0.1.2-preview",
    "parameters": {
        "config": {
            "isWizard": true,
            "basics": {
                "description": "This template deploys and configures resources required for **Azure Video Analyzer** samples, see [more](https://aka.ms/ava-overview).",
                "subscription": {
                    "constraints": {
                        "validations": [
                            {
                                "permission": "Microsoft.Authorization/roleAssignments/write",
                                "message": "Must have the ability to create role assignments for managed identities."
                            }
                        ]
                    }
                },
                "resourceGroup": {
                    "constraints": {
                        "validations": []
                    },
                    "allowExisting": true
                },
                "location": {
                    "label": "Region",
                    "toolTip": "The list is constrained to regions where Video Analyzer is available.",
                    "resourceTypes": [
                        "Microsoft.Media/videoAnalyzers"
                    ],
                    "visible": true
                }
            }
        },
        "basics": [
            {
                "name": "resourceGroup",
                "type": "Microsoft.Common.TextBox",
                "label": "Resource Group",
                "placeholder": "ava-sample-deployment",
                "toolTip": "This form does not check for the availability of the resource group name until it is deployed.",
                "constraints": {
                    "required": true
                }
            },
            {
                "name": "scenario",
                "type": "Microsoft.Common.DropDown",
                "label": "Sample scenario",
                "toolTip": "The targeted sample scenario. This will determine which modules are deployed to the edge device.",
                "defaultValue": "general-sample-setup",
                "constraints": {
                    "required": true,
                    "allowedValues": [
                        {
                            "label": "Basic sample scenario (default)",
                            "value": "general-sample-setup"
                        }
                    ]
                },
                "visible": false
            },
            {
                "name": "useExistingEdgeDevice",
                "type": "Microsoft.Common.DropDown",
                "label": "Do you need an edge device?",
                "toolTip": "This will override any module currently deployed to the device.",
                "constraints": {
                    "allowedValues": [
                        {
                            "label": "Deploy a simulated edge device",
                            "value": "simulated"
                        },
                        {
                            "label": "Use an existing edge device",
                            "value": "existing"
                        }
                    ]
                }
            },
            {
                "name": "useExistingEdgeDeviceWarning",
                "type": "Microsoft.Common.InfoBox",
                "visible": "[contains(basics('useExistingEdgeDevice'),'existing')]",
                "options": {
                    "icon": "Warning",
                    "text": "You will need to provide the name of the existing edge device and select the IoT Hub where it is registered. Also note, that this will override the modules deployed to the edge device."
                }
            }
        ],
        "steps": [
            {
                "name": "edgeDeviceSettings",
                "label": "Edge Device Settings",
                "elements": [
                    {
                        "name": "simulatedDeviceSection",
                        "label": "Simulated Edge Device Settings",
                        "type": "Microsoft.Common.Section",
                        "elements": [
                            {
                                "type": "Microsoft.Common.InfoBox",
                                "name": "edgeDeviceInfo",
                                "options": {
                                    "icon": "Info",
                                    "text": "You have selected to deploy a VM to use as an edge device. Please provide a username and password for admin access. Note: these credentials are only for admin access, they are not used by the edge module."
                                }
                            },
                            {
                                "name": "simulatedEdgeDeviceAdminUsername",
                                "type": "Microsoft.Common.TextBox",
                                "label": "Username",
                                "defaultValue": "avaadmin",
                                "constraints": {
                                    "required": "[steps('simulatedDeviceSection').visible]"
                                },
                                "visible": true
                            },
                            {
                                "name": "simulatedEdgeDeviceAdminPassword",
                                "type": "Microsoft.Common.PasswordBox",
                                "label": {
                                    "password": "Password",
                                    "confirmPassword": "Confirm password"
                                },
                                "toolTip": "",
                                "constraints": {
                                    "required": "[steps('simulatedDeviceSection').visible]"
                                },
                                "options": {
                                    "hideConfirmation": false
                                },
                                "visible": true
                            },
                            {
                                "name": "useBastionHost",
                                "type": "Microsoft.Common.CheckBox",
                                "label": "Do you want to use a bastion host for connecting to the edge device?",
                                "constraints": {
                                    "required": false
                                },
                                "visible": true
                            }
                        ],
                        "visible": "[not(contains(basics('useExistingEdgeDevice'),'existing'))]"
                    },
                    {
                        "name": "existingDeviceSection",
                        "label": "Existing Edge Device Settings",
                        "type": "Microsoft.Common.Section",
                        "elements": [
                            {
                                "type": "Microsoft.Common.InfoBox",
                                "name": "edgeDeviceInfo",
                                "options": {
                                    "icon": "Warning",
                                    "text": "This will use a new deployment manifest and will override any modules currently deployed to the existing device."
                                }
                            },
                            {
                                "name": "existingHubName",
                                "type": "Microsoft.Solutions.ResourceSelector",
                                "label": "Existing IoT Hub Name",
                                "toolTip": "This list is restricted to IoT Hubs within the selected subscription.",
                                "resourceType": "Microsoft.Devices/IotHubs",
                                "constraints": {
                                    "required": false
                                },
                                "options": {
                                    "filter": {
                                        "subscription": "onBasics",
                                        "location": "onBasics"
                                    }
                                }
                            },
                            {
                                "name": "existingDeviceNameHelp",
                                "type": "Microsoft.Common.TextBlock",
                                "options": {
                                    "text": "[concat('You will need to provide the id for an edge device on ',steps('edgeDeviceSettings').existingDeviceSection.existingHubName.name)]",
                                    "link": {
                                        "label": "Click here to view edge devices",
                                        "uri": "[concat('https://portal.azure.com/#resource',steps('edgeDeviceSettings').existingDeviceSection.existingHubName.id,'/EdgeExplorer')]"
                                    }
                                },
                                "visible": "[not(empty(steps('edgeDeviceSettings').existingDeviceSection.existingHubName.id))]"
                            },
                            {
                                "name": "existingDeviceName",
                                "type": "Microsoft.Common.TextBox",
                                "label": "Existing Device Name",
                                "visible": "[not(empty(steps('edgeDeviceSettings').existingDeviceSection.existingHubName.id))]",
                                "defaultValue": "",
                                "toolTip": "Enter the name of existing IoT Edge device.",
                                "constraints": {
                                    "required": false,
                                    "regex": "",
                                    "validationMessage": ""
                                }
                            }
                        ],
                        "visible": "[contains(basics('useExistingEdgeDevice'),'existing')]"
                    }
                ]
            }
        ],
        "outputs": {
            "resourceGroup": "[basics('resourceGroup')]",
            "scenario": "[basics('scenario')]",
            "useExistingEdgeDevice": "[equals(basics('useExistingEdgeDevice'),'existing')]",
            "simulatedEdgeDeviceAdminUsername": "[steps('edgeDeviceSettings').simulatedDeviceSection.simulatedEdgeDeviceAdminUsername]",
            "simulatedEdgeDeviceAdminPassword": "[if(empty(steps('edgeDeviceSettings').simulatedDeviceSection.simulatedEdgeDeviceAdminPassword),'no-password-needed',steps('edgeDeviceSettings').simulatedDeviceSection.simulatedEdgeDeviceAdminPassword)]",
            "useBastionHost": "[steps('edgeDeviceSettings').simulatedDeviceSection.useBastionHost]",
            "existingHubName": "[steps('edgeDeviceSettings').existingDeviceSection.existingHubName.name]",
            "existingDeviceName": "[steps('edgeDeviceSettings').existingDeviceSection.existingDeviceName]",
            "existingHubNameResourceGroup": "[if(contains(basics('useExistingEdgeDevice'),'existing'),substring(steps('edgeDeviceSettings').existingDeviceSection.existingHubName.id, add(lastIndexOf(steps('edgeDeviceSettings').existingDeviceSection.existingHubName.id,'resourceGroups/'),length('resourceGroups/')), sub(sub(lastIndexOf(steps('edgeDeviceSettings').existingDeviceSection.existingHubName.id,'providers/'),lastIndexOf(steps('edgeDeviceSettings').existingDeviceSection.existingHubName.id,'resourceGroups/')),16)),'')]",
            "resourceTags": {
                "sample": "azure-video-analyzer"
            },
            "namePrefix": "avasample",
            "baseTime": "[utcNow()]"
        }
    }
}