{
    "$schema": "https://schema.management.azure.com/schemas/2019-04-01/deploymentTemplate.json#",
    "contentVersion": "1.0.0.0",
    "parameters": {
         "vmName": {
            "type": "String"
                 },
       "resourceTag": {
            "type": "object",
            "defaultValue": {
                "sample": "azure-video-analyzer"
            }
        },
        "virtualMachineSize": {
            "type": "string",
            "defaultValue": "Standard_NC4as_T4_v3"
        }
        
        
    },
    "functions": [],
    "variables": {
        "vnetName": "[concat(parameters('vmName'),'-vnet')]",
        "pipName": "[concat(parameters('vmName'),'-pip')]",
        "nsgName": "[concat(parameters('vmName'),'-nsg-allow-ssh')]",
        "nicName": "[concat(parameters('vmName'),'-nic')]",
        "diskname": "[concat(parameters('vmName'),'-MarnierDisk')]"
    },
    "resources": [
            {              // Create managed disk from the VHD File
            "type": "Microsoft.Compute/disks",
            "apiVersion": "2020-12-01",
            "name": "[variables('diskname')]",
            "location": "[resourceGroup().location]",
           
            "sku": {
                "name": "StandardSSD_LRS"
            },
            "properties": {
                "osType": "Linux",
                "creationData": {
                    "createOption": "import",
                    "sourceUri": "https://storageavanalyzer.blob.core.windows.net/marinerimage/AP-AzSHCI-VHD3-1.0.20210512.1700.vhd" ,
                    "storageAccountId": "/subscriptions/7c9469c0-29ac-424a-85ab-d01f2cea1c38/resourceGroups/rg-percept-testdrive/providers/Microsoft.Storage/storageAccounts/storageavanalyzer"
                },
                "diskSizeGB": "1024",
                "hyperVGeneration": "V2",
                "networkAccessPolicy": "AllowALL"
            }
            },
        {          // Create NIC
            "type": "Microsoft.Network/networkInterfaces",
            "comments": "Nic.",
            "apiVersion": "2020-08-01",
            "name": "[variables('nicName')]",
            "location": "[resourceGroup().location]",
            "dependsOn": [
                "[resourceId('Microsoft.Network/virtualNetworks', variables('vnetName'))]",
                "[resourceId('Microsoft.Network/networkSecurityGroups', variables('nsgName'))]"
            ],
            "properties": {
                "ipConfigurations": [
                    {
                        "name": "public-ip-for-vm",
                        "properties": {
                            "privateIPAddress": "10.0.0.4",
                            "privateIPAllocationMethod": "Dynamic",
                            "subnet": {
                                "id": "[concat(resourceId('Microsoft.Network/virtualNetworks', variables('vnetName')), '/subnets/default')]"
                            },
                            "primary": true,
                            "privateIPAddressVersion": "IPv4",
                            "publicIPAddress": {
                                "id": "[resourceId(resourceGroup().name, 'Microsoft.Network/publicIpAddresses', variables('pipName'))]"
                            }
                        }
                    }
                ],
                "networkSecurityGroup": {
                    "id": "[resourceId('Microsoft.Network/networkSecurityGroups', variables('nsgName'))]"
                }
            }
        },
        {   // Create NSG
            "type": "Microsoft.Network/networkSecurityGroups",
            "apiVersion": "2020-08-01",
            "name": "[variables('nsgName')]",
            "location": "[resourceGroup().location]",
            "properties": {
                "securityRules": [
                    {
                        "name": "allow-ssh",
                        "properties": {
                            "protocol": "Tcp",
                            "access": "Allow",
                            "direction": "Inbound",
                            "sourcePortRange": "*",
                            "sourceAddressPrefix": "*",
                            "destinationPortRange": "22",
                            "destinationAddressPrefix": "*",
                            "priority": 100
                        }
                    }
                ]
            },
            "tags": "[parameters('resourceTag')]"
        },
        {   // Create Virtual Network
            "type": "Microsoft.Network/virtualNetworks",
            "comments": "This vnet will host the IoT Edge device.",
            "apiVersion": "2019-06-01",
            "name": "[variables('vnetName')]",
            "location": "[resourceGroup().location]",
            "properties": {
                "addressSpace": {
                    "addressPrefixes": [
                        "10.0.0.0/26"
                    ]
                },
                "subnets": [
                    {
                        "name": "default",
                        "properties": {
                            "addressPrefix": "10.0.0.0/27"
                        }
                    }
                  
                ]
            },
            "tags": "[parameters('resourceTag')]"
        },       
        { // Create a standard public IP address
            "type": "Microsoft.Network/publicIpAddresses",
            "comments": "This is the public IP address to connect to the VM.",
            "apiVersion": "2019-06-01",
            "name": "[variables('pipName')]",
            "location": "[resourceGroup().location]",
            "sku": {
                "name": "Standard"
            },
            "properties": {
                "publicIPAllocationMethod": "Static"
            },
            "tags": "[parameters('resourceTag')]"
        },
        {   // Create a VM From the Managed Disk
            "type": "Microsoft.Compute/virtualMachines",
            "apiVersion": "2021-03-01",
            "name": "[parameters('VMName')]",
            "location": "[resourceGroup().location]",
            "tags": {},
            "dependsOn": [
                "[resourceId('Microsoft.Network/networkInterfaces', variables('nicName'))]",
                "[resourceId('Microsoft.Compute/disks', variables('diskname'))]"
            ],
            "properties": {
                "hardwareProfile": {
                    "vmSize": "[parameters('virtualMachineSize')]"
                },
                "storageProfile": {
                    "osDisk": {
                        "createOption": "attach",
                        "osType": "Linux",
                        "managedDisk": {
                            "id": "[resourceId('Microsoft.Compute/disks', variables('diskname'))]"
                        }
                    }
                },
                "networkProfile": {
                    "networkInterfaces": [
                        {
                            "id": "[resourceId('Microsoft.Network/networkInterfaces', variables('nicName'))]"
                        }
                    ]
                },
                    "diagnosticsProfile": {
                    "bootDiagnostics": {
                        "enabled": true
                    }
                }
            }
        }

        

    ],
    "outputs": {}
}